{"Kelas ke 1":[7.184134090827853,1.000843728663787,-0.9266430500553575,0.8100368193734401,-0.6608895864623167,0.4916332964511319,-0.31606068787296876,0.1479990629933698,1.3961698396200534e-15,-0.11782184831826355,0.19868405438868192,-0.23967748079587833,0.24190237774180368],"Kelas ke 2":[10.496207331494112,1.462258798300154,-1.3538496710531693,1.1834849259207005,-0.9655769275785637,0.71828907219387,-0.4617729105982025,0.21623049213802448,2.039129597966421e-15,-0.172140794213078,0.29028258687264785,-0.35017505231918983,0.35342568480188774]}
