{"Kelas ke 1":[20.400020983960502,0.14455058033516321,-4.653290750365206,1.2475365353217727,2.9560273296003268,-1.124580273007852,-2.143232818647202,1.4528990749911281,0.9839816777184742,-0.9377534045339487,-1.0164675884422092,1.323591891196012,0.6003861392740143],"Kelas ke 2":[40.076962981270825,14.02919839387811,-1.2486865162408114,-7.524316751397746,-4.540052323962141,0.343198377792658,2.549675722138782,2.867518247512308,0.9898930386713812,0.29404491979500363,-0.8087421728035215,-0.8397562678740503,-0.7550612739436912]}
