{"Kelas ke 1":[4.685350289495537,0.6527305023192309,-0.6043382859987185,0.5282900065853416,-0.43101912855568253,0.32063352085728863,-0.20612853500527295,0.09652206429809944,9.105414185204452e-16,-0.07684108121418151,0.12957781410798994,-0.15631291674611617,0.157763950568413],"Kelas ke 2":[16.39318847483594,2.283785306678876,-2.1144697435211515,1.8483906457842052,-1.5080575355303187,1.1218383715190043,-0.7212062525952765,0.33771314720405776,3.189364764700437e-15,-0.26885296704035466,0.4533692034919867,-0.5469104649476142,0.5519873683726554]}
