{"Kelas ke 1":[6.157829220709337,0.9931228798441981,-0.8972817785797708,0.7494225722922006,-0.5657651678132258,0.36604952840993016,-0.17105081168637457,-3.93763919947735e-16,0.13174777764649453,-0.21449093357972301,0.24517626398982703,-0.22749032793291535,0.1710508116863727],"Kelas ke 2":[8.99674914128071,1.4509784367477383,-1.3109520874296556,1.094925929587473,-0.8265976702588305,0.5348079107670923,-0.24990969836890856,-5.721933293445616e-16,0.1924869402711665,-0.31337684975185964,0.3582089180217187,-0.33236930403930176,0.2499096983689067]}
