{
  "Kelas ke 1": [
    29.400636020777,
    1.7824516858691,
    -4.9698303475722,
    2.1221618895269,
    4.0074554254649,
    -1.5797751602575,
    -2.9934225741212,
    1.6295361614562,
    1.1180566962714,
    -1.1619639664956,
    -1.4948329551332,
    1.8770413738072,
    1.0391285522594
  ],
  "Kelas ke 2": [
    20.273582892876,
    0.50909892214511,
    -4.5450918595424,
    1.4114209013687,
    3.1936147426815,
    -1.1546589749192,
    -2.3464166525924,
    1.3523251020626,
    1.0918948917101,
    -0.94782591343968,
    -1.2450273381693,
    1.4738636571201,
    0.83664764464395
  ],
  "Kelas ke 3": [
    23.079745621698,
    0.016721421090007,
    -5.5274841366987,
    1.4109237845035,
    3.5675051945377,
    -1.2851417588733,
    -2.573349536475,
    1.6503202527238,
    1.2257209039313,
    -1.0080964220983,
    -1.4010213380756,
    1.6319816339281,
    0.83382536123748
  ],
  "Kelas ke 4": [
    23.840726498534,
    0.27928770826249,
    -5.3552550148284,
    1.5683910882204,
    3.5463448886283,
    -1.352653921356,
    -2.5176749526582,
    1.6136025278507,
    1.1104680973622,
    -1.0226919010128,
    -1.2950213497659,
    1.6040866660698,
    0.80805275640142
  ],
  "Kelas ke 5": [
    20.400020983961,
    0.14455058033516,
    -4.6532907503652,
    1.2475365353218,
    2.9560273296003,
    -1.1245802730079,
    -2.1432328186472,
    1.4528990749911,
    0.98398167771847,
    -0.93775340453395,
    -1.0164675884422,
    1.323591891196,
    0.60038613927401
  ],
  "Kelas ke 6": [
    22.745425067804,
    0.1991127664557,
    -5.381064687839,
    1.410872884327,
    3.5013389195806,
    -1.2646985902683,
    -2.5211362612618,
    1.576612172167,
    1.2111868882085,
    -0.99298782621788,
    -1.3520523252221,
    1.5638101351605,
    0.84029460586492
  ],
  "Kelas ke 7": [
    26.538372231002,
    0.052310522243998,
    -5.9279668137105,
    1.5973051155189,
    3.7674620615106,
    -1.4180338572656,
    -2.661955583807,
    1.7852885121382,
    1.1466805200554,
    -1.031179559371,
    -1.3632830138997,
    1.6758228406476,
    0.77933588453868
  ],
  "Kelas ke 8": [
    19.657300131,
    0.22536015441335,
    -4.5491640347573,
    1.2985285371629,
    2.9837023184311,
    -1.1799345970781,
    -2.1509090145019,
    1.4335869981199,
    1.0068802851113,
    -0.92782252608159,
    -1.1035098112969,
    1.3727273016947,
    0.67063569455731
  ],
  "Kelas ke 9": [
    19.994027358364,
    0.12866800843159,
    -4.918411681603,
    1.2919718560242,
    3.2274232385415,
    -1.17648983636,
    -2.3424392190018,
    1.4775763038201,
    1.1624720289394,
    -0.99263077520213,
    -1.2292646950752,
    1.4681211661296,
    0.77857249385407
  ],
  "Kelas ke 10": [
    25.041168900507,
    -0.19631565669795,
    -6.1470854417311,
    1.4651565039563,
    3.8766702856698,
    -1.356259785502,
    -2.7619021900023,
    1.7447561345448,
    1.3730298999947,
    -1.0191882678323,
    -1.5925749767071,
    1.7478974057856,
    0.94425012608615
  ],
  "Kelas ke 11": [
    24.84867860277,
    -0.19554070944285,
    -6.1088650479447,
    1.4395001383372,
    3.8383449542237,
    -1.3496751790579,
    -2.7156685596443,
    1.7565377936853,
    1.3093251036228,
    -1.0244553224761,
    -1.5103202896014,
    1.7252995700742,
    0.86914544449394
  ],
  "Kelas ke 12": [
    20.686535767662,
    0.016020918574427,
    -5.1413483607334,
    1.2688541908385,
    3.3673490356535,
    -1.1930726333707,
    -2.4338863568865,
    1.5268236201113,
    1.2148259359104,
    -0.97144638912833,
    -1.3475813858527,
    1.5373718979939,
    0.82929512337604
  ],
  "Kelas ke 13": [
    26.393438865481,
    -0.26028028976265,
    -6.5174653196514,
    1.5054112852403,
    4.220002897024,
    -1.3874750977184,
    -3.0888501383288,
    1.8992392590477,
    1.509775111501,
    -1.0918101741639,
    -1.8065245146183,
    1.9439230559132,
    1.0737752512187
  ],
  "Kelas ke 14": [
    23.134477050606,
    -0.18546610577475,
    -5.8980215073867,
    1.4011428180504,
    3.762347755723,
    -1.3090108976577,
    -2.7494995099807,
    1.7150756198657,
    1.4323477557898,
    -1.0204668275043,
    -1.6707554722171,
    1.7704331865658,
    1.0155372451661
  ],
  "Kelas ke 15": [
    26.748453853536,
    -0.23797630484034,
    -6.5458549761704,
    1.5107854938924,
    4.0984313678902,
    -1.4069734399043,
    -2.9094498101299,
    1.8428462384202,
    1.4367015575112,
    -1.0668461149481,
    -1.675375297856,
    1.8478238311716,
    0.98876642420399
  ],
  "Kelas ke 16": [
    25.710145837917,
    -0.0084911712895948,
    -6.1816722469893,
    1.5816548556109,
    3.7723711964389,
    -1.3468362245947,
    -2.6646654000226,
    1.6299376537892,
    1.4124599915199,
    -1.0724116787304,
    -1.5095842223467,
    1.6907811297729,
    0.97569788597334
  ],
  "Kelas ke 17": [
    28.185123545874,
    0.18991527677719,
    -6.8105364730868,
    1.4969972935777,
    4.0881941662623,
    -1.3358532525192,
    -2.8370029239612,
    1.6774571161829,
    1.5362109744925,
    -1.1109376816524,
    -1.5961601663209,
    1.7479284681273,
    1.0623641863444
  ],
  "Kelas ke 18": [
    24.155142223707,
    0.63965784264888,
    -5.6266070020073,
    1.2063622487776,
    3.3019019951114,
    -1.3020689515068,
    -2.3752397459876,
    1.6152154582988,
    1.4078154965638,
    -1.0126362580836,
    -1.3962593421588,
    1.4626606207584,
    0.85096270905661
  ],
  "Kelas ke 19": [
    20.523977759077,
    0.36183553219169,
    -5.1763277287293,
    1.3357618645916,
    3.22201342704,
    -1.2159928163837,
    -2.3327170114343,
    1.4111245592597,
    1.3772276886963,
    -1.0117438836214,
    -1.3846942263047,
    1.4907080803817,
    0.91407870187861
  ],
  "Kelas ke 20": [
    31.832538483732,
    -0.14320637731511,
    -7.8508088076722,
    1.7964955483484,
    4.6422112789265,
    -1.605858945851,
    -3.201536451659,
    1.9353062589243,
    1.8120270231726,
    -1.2678232843293,
    -1.8610112045137,
    1.9821548425632,
    1.2339164920754
  ],
  "Kelas ke 21": [
    22.601788507114,
    0.26024314249253,
    -5.4792417517983,
    1.4393771250037,
    3.4662834706654,
    -1.2276269779077,
    -2.4981213421156,
    1.443504771102,
    1.3953144242131,
    -1.0398674856294,
    -1.4240089035092,
    1.5561562060178,
    0.96867451273657
  ],
  "Kelas ke 22": [
    22.313833303116,
    0.25023895338636,
    -5.5633899148338,
    1.4238620935201,
    3.500981129386,
    -1.244559030034,
    -2.46357152108,
    1.4197577707986,
    1.3936689178688,
    -1.032032023031,
    -1.411830576014,
    1.5439201499156,
    0.97271605203381
  ],
  "Kelas ke 23": [
    26.939050819036,
    0.00057337393315792,
    -6.5778966132256,
    1.5361919500818,
    3.9273509916877,
    -1.3450017644856,
    -2.7538767513977,
    1.6821627515166,
    1.4827005476489,
    -1.1014548854433,
    -1.5159714727895,
    1.675405205091,
    1.0102230860446
  ],
  "Kelas ke 24": [
    23.486006604165,
    0.29185172549564,
    -5.6535821146812,
    1.3772664569729,
    3.6964418796341,
    -1.1902440553963,
    -2.7213789460077,
    1.5310463687517,
    1.4147288892777,
    -1.0166700065727,
    -1.5075405956821,
    1.5738452114649,
    1.0662310807393
  ],
  "Kelas ke 25": [
    24.979841798382,
    0.16429840562527,
    -6.1233363706508,
    1.4043764189603,
    3.8386200472491,
    -1.278778049,
    -2.746818853924,
    1.6065095224488,
    1.4902047207488,
    -1.0489968051737,
    -1.557111048358,
    1.6289163873942,
    1.0524842933006
  ],
  "Kelas ke 26": [
    23.534416426358,
    0.78553901270578,
    -5.4204272822391,
    1.4265930247373,
    3.6092323380611,
    -1.2830090035592,
    -2.615535265887,
    1.4638129022142,
    1.4384863558757,
    -1.0577527938352,
    -1.486009914951,
    1.566322625725,
    1.0503269369793
  ]
}