{"Kelas ke 1":[4.016014533853302,0.647695117289582,-0.5851894449458176,0.4887585924275459,-0.36898086245141215,0.23873026898187108,-0.11155595927370307,-2.567503579159937e-16,0.08592329713396071,-0.13988674835913878,0.15989911448462332,-0.1483646964773027,0.11155595927370215],"Kelas ke 2":[14.051304407002231,2.2661674103137797,-2.0474714315360827,1.710077417759739,-1.2909969261710794,0.8352737900605275,-0.3903140113056191,-8.962755522340338e-16,0.30062998863805396,-0.4894382894112741,0.5594579185642966,-0.5191010878774958,0.3903140113056155]}
