{"Kelas ke 1":[[59.43856353369556,-3.845691771333801,-9.402687014962574,3.049504527562125,3.5390409788735226,-0.44978136314043143,-4.660016570124478,3.986058948950773,0.42293401232760963,-1.0900515788621785,-0.7259777159709682,1.0420519870659168,1.0269515844883907],[39.118217141431096,-1.128086719280729,-9.012295990313586,1.6511737026283726,5.618841779996154,-0.9800648575191298,-5.047236002951627,2.817364282569374,2.321560174360713,-1.624565821494307,-2.236389879844804,2.0116476734348936,2.125504164092241],[30.979351584622588,1.661975298043259,-8.10661892279193,-0.5694646651309117,5.297554557993755,0.9665663309586626,-4.282181571960294,-0.11307565487987864,3.0000394230604797,-0.24642628307678602,-2.115919276384737,0.9714947345183975,0.908259181104767],[29.580681201949638,1.6674417690765166,-7.646231920103038,-1.0562834899317053,4.783090124601732,1.484485051340512,-3.853832909093176,-0.5694330275087357,2.566870594385027,0.35340517448858366,-1.64617464605823,0.24183226550646345,0.5215259103511112],[22.095690452617035,-5.256943966403792,-0.7680993401490723,-1.7085944371768433,4.344410117991276,-1.5931854130369951,-1.493941293282317,0.9035100251734179,0.7095267598131749,-0.19200685319770244,-0.9964303952796844,0.7792249003175356,0.44264829291003],[9.995524275187098,-1.8522357962074536,-1.5402822402507745,-0.05291671898922575,2.2573633661739185,-0.879239084089229,-1.3825958302307186,1.0331944294595474,0.6984851212189558,-0.8383717462139564,-0.40039936924367425,0.672771705134216,0.4830759364989207]],"Kelas ke 2":[[51.31453254634887,14.956022485100664,-3.9449927801476097,-9.602662779554556,-3.597540596246053,2.0186225313610233,2.0554802595812878,2.0430245754381158,1.3129602592537253,1.129769107831162,-1.0258856443864335,-1.329435449885323,-0.5696517210386867],[17.883079420517337,7.665372817928168,-0.25576605780863504,-3.3194755218996796,-1.5471145596070652,0.7420395529301638,1.2056418834739904,0.6902524689218681,-0.30163667636586705,-0.243574376217608,0.027975521708893305,0.3553272536575537,-0.06962491397833982],[50.97974994698676,19.626995244281414,4.241512372327769,-5.233756391485919,-5.322096791956036,-1.0108316030173854,1.1796384619795866,3.0786010258583003,1.8517009386550702,0.3427187144745137,-1.6074987980022075,-1.5832824693234449,-0.21130546380256063],[53.985418486622606,22.79086316194486,9.095030575209814,-0.041987636074589045,-1.7587185015302105,-0.9283705998399255,-0.8639295194304158,0.12365463550088118,-0.25675938501995715,0.016475630093989918,-1.0401654279500478,-0.1213556808394037,1.2550914316451973],[55.76596726042885,23.686743103655694,7.51813256032146,-2.627992527185176,-4.149272782110557,-0.5116945424839976,0.48187663568686145,1.2364108828528455,0.5776930153261545,-0.38135378094355166,-1.0114863508385217,-0.246485827147545,0.3817991528237028],[50.62014589564411,16.28555214540775,-1.516343264795749,-7.930341847187407,-3.4901031766571142,2.1935794753696785,0.7128970430497081,1.7563760477279404,1.3298398383512895,1.1301738298943502,-0.8849787047631106,-1.8777870631331628,-0.12195922220675419]]}
