{"Kelas ke 1":[[18.613267525733722,3.001912067697415,-2.7122132154141436,2.2652792612347272,-1.7101381100069002,1.1064577395307549,-0.5170352090481641,-1.2068539444889857e-15,0.3982339463082078,-0.6483416453215355,0.7410941793018307,-0.6876349085959819,0.5170352090481602],[15.198779395730403,2.4512299744918664,-2.214674574374019,1.8497278736056635,-1.3964239129046268,0.903484950752271,-0.42218831654806294,-9.778607754529814e-16,0.32518040636666734,-0.529407403975859,0.605145062633175,-0.5614925625553908,0.42218831654805883],[11.211115374124297,1.8081071734128475,-1.6336161952861692,1.3644196064555378,-1.0300478210216064,0.6664399658642495,-0.31141987150345757,-7.21888135937074e-16,0.23986367314505933,-0.3905081672253448,0.4463747343532219,-0.4141752266165348,0.31141987150345485],[8.550776059031442,1.3790527538647748,-1.2459675764767608,1.0406499367833362,-0.785622835349425,0.5082972313393835,-0.23752155719532322,-5.434635840939753e-16,0.18294527219780074,-0.2978426120628159,0.34045233364322447,-0.31589360146721485,0.23752155719532053],[5.618294741289412,0.9061077943698117,-0.8186640644556269,0.6837599332492926,-0.5161941575839271,0.333977131681486,-0.1560637428135991,-3.641372472530888e-16,0.12020434796056452,-0.1956977436354424,0.2236944977347607,-0.20755816170108715,0.1560637428135979],[2.1892602078648706,0.35307968513498683,-0.31900580913813575,0.2664382134660726,-0.20114347515905479,0.13013963816346566,-0.060812783551801315,-1.3821001271799003e-16,0.046839585304847484,-0.07625681859682694,0.08716621059589012,-0.08087842399764926,0.06081278355180082]],"Kelas ke 2":[[11.808393768982869,1.9044350867586266,-1.720648004912105,1.4371098183802156,-1.0849241904671505,0.701944924987197,-0.3280109380272997,-7.52183174928897e-16,0.2526425434804412,-0.41131270660577335,0.4701555961089741,-0.43624064172363486,0.3280109380272969],[2.7276046349859713,0.4399028412583344,-0.3974501160103048,0.33195602029245036,-0.2506051465102413,0.1621412927411937,-0.07576679541627675,-1.7382193403355477e-16,0.058357553624437834,-0.09500855636381567,0.10860059447542247,-0.10076662580986584,0.07576679541627611],[11.721957660799301,1.8904948371016632,-1.7080530559285274,1.4265903368857002,-1.076982667976238,0.6968067674475639,-0.32560993502220725,-7.471195799390391e-16,0.25079322860771164,-0.40830194406677367,0.46671411026734333,-0.43304740951613196,0.3256099350222045],[12.21029796352192,1.9692534239998867,-1.7792110630238314,1.4860225219468404,-1.121850091773977,0.7258359482039762,-0.3391749434311636,-7.694813646750676e-16,0.26124135039103824,-0.4253119265916655,0.48615756130922455,-0.45108829561858776,0.3391749434311604],[11.100536841696972,1.7902732799031489,-1.6175033576784852,1.3509619340775572,-1.0198881560304327,0.6598666722251253,-0.3083482456026983,-7.135051927036698e-16,0.2374978271008543,-0.38665647017365556,0.44197200889814064,-0.4100900943885039,0.30834824560269575],[11.215528624163051,1.808818933910078,-1.6342592674958747,1.3649567095608048,-1.0304532988384167,0.6667023096281731,-0.3115424617823062,-7.186790219273286e-16,0.23995809536171475,-0.3906618905728064,0.44655044954728307,-0.41433826649025857,0.31154246178230316]]}
