{"Kelas ke 1":[[21.715478780022917,3.0252498738388014,-2.8009635170679332,2.4484979177378285,-1.9976706460815379,1.486059736867638,-0.9553564944545815,0.4473566989790763,4.2318364476233455e-15,-0.35614004619497397,0.6005621989315066,-0.7244730098951164,0.7311982048603286],[17.731909295019108,2.4702866052865557,-2.287144185326274,1.999336207420414,-1.6312103940451301,1.2134513232725863,-0.780102289048315,0.36529189566446674,3.4351327415193183e-15,-0.2908083703529825,0.4903927997787046,-0.5915729433498519,0.5970644431377402],[13.079634603145118,1.8221639657986322,-1.687072143842924,1.4747755927920898,-1.2032339868192392,0.8950812714548995,-0.5754288905986719,0.26945121584417514,2.5339481782172446e-15,-0.21450973837439757,0.3617297227501975,-0.43636349652977235,0.44041420587267355],[9.975905402203564,1.3897739425946964,-1.2867387067236964,1.1248190220569985,-0.9177128255814287,0.6826831453816733,-0.43888261044593396,0.2055118450422018,1.9389816652375303e-15,-0.16360769415988358,0.27589314264586096,-0.3328167104384557,0.3359062075416032],[6.554677198171025,0.9131521606174947,-0.845452770542814,0.7390633028975583,-0.6029839989239543,0.44855754602690506,-0.28836819550517595,0.13503173399726065,1.268888475413361e-15,-0.10749857573010724,0.1812758259348719,-0.21867750496104316,0.22070746168169658],[2.554136909175651,0.3558246373715278,-0.32944446552009987,0.2879880737185094,-0.23496255280484807,0.17478776598125426,-0.11236737207709571,0.05261731818137952,4.96961979980993e-16,-0.04188857386183554,0.07063708307264055,-0.08521125750987198,0.08600226326461737]],"Kelas ke 2":[[13.7764593971466,1.919240762561658,-1.776951848801679,1.553345081147591,-1.2673369453834884,0.9427672230522167,-0.6060851841665003,0.283806378940926,2.676308979143578e-15,-0.22593786376087527,0.3810010745262649,-0.4596110040332251,0.46387751716492975],[3.1822054074836,0.44332278394778957,-0.4104556634679248,0.3588050437647092,-0.2927404178709629,0.2177685041351365,-0.13999878305813473,0.06555604511353735,6.178690117768491e-16,-0.05218907638664138,0.08800691416153365,-0.10616491365527907,0.10715042965524688],[13.6756172709326,1.905192137030693,-1.763944762042488,1.5419747706627744,-1.2580601821370145,0.9358662735007489,-0.6016487090986898,0.2817289483137641,2.656152952686428e-15,-0.2242840241263912,0.37821218970924353,-0.45624670341418977,0.46048198615183084],[14.245347624108849,1.984563017890763,-1.8374312345250132,1.606213906145586,-1.310471349961178,0.9748547456087363,-0.6267135763534417,0.29346586153989696,2.7709467426031057e-15,-0.23362776443045075,0.39396862396369925,-0.47525407911957135,0.4796658050174822],[12.950626315313283,1.804191426006106,-1.6704320544727018,1.460229446822812,-1.191366135674272,0.8862528212875631,-0.569753265996189,0.26679353915327214,2.5111745515180367e-15,-0.21239396565516,0.35816187597115606,-0.4320595148614967,0.4360702708652904],[13.084783394856906,1.8228812597452286,-1.68773625896042,1.4753561374769582,-1.2037076392848183,0.89543361975603,-0.5756554078977042,0.2695572851824185,2.537100275673574e-15,-0.214594180027135,0.36187211747718495,-0.4365352708050046,0.44058757470764587]]}
