{"Kelas ke 1":[[24.32645992746765,-1.9771291590771554,-6.673835969719557,2.759728343262049,3.142094952145029,-1.8265746635888997,-1.6383585459900587,1.1697061956313262,0.651510845312354,0.7471717425429951,-2.8371954526752385,1.2539625799169123,2.4228928730177155]],"Kelas ke 2":[[20.96360247554949,-1.7009026279966846,-5.737266334291545,2.3580274687853793,2.710345305643769,-1.569559179696077,-1.409039669785353,1.0064649914795405,0.5546023048981836,0.6481071073027204,-2.4347967739905227,1.0731777447661073,2.0767628619691574]],"Kelas ke 3":[[21.683398260339565,-1.7697161798998222,-5.972221139939076,2.4560243290142196,2.821781530695492,-1.6435252701433603,-1.459164962988687,1.044583593839236,0.5849703574111962,0.6724852156207344,-2.5428840500511747,1.1232541483493828,2.1648305377324726]],"Kelas ke 4":[[22.25619886809804,-1.7900875696888598,-6.086301404372864,2.503861451960328,2.8792090102646055,-1.6694216176911805,-1.4933963452863286,1.0643096886366583,0.5912038023512193,0.6885061758291087,-2.5915234534331106,1.1436336149784263,2.210393888382683]],"Kelas ke 5":[[26.543205710998116,-2.194775167561942,-7.206960924955148,2.9618752856855473,3.428096580563807,-1.986699469674135,-1.7684460137687252,1.273331945967995,0.6777935576570867,0.815201904775779,-3.038241345272563,1.339024535136903,2.59821601950834]],"Kelas ke 6":[[22.17300901216911,-1.7776472362397289,-6.050769629481093,2.461009763900767,2.891894738705966,-1.670345908054812,-1.4821689375752607,1.05202496298793,0.5911031105630253,0.695346567871571,-2.5913387079210146,1.1448533091233266,2.1961891683710353]],"Kelas ke 7":[[23.712422309067048,-1.9314901878947057,-6.564405975085497,2.6860592578522255,3.1147119074319685,-1.8224649641081176,-1.5974938587201635,1.1558618336354154,0.6370433890447698,0.7456637397303422,-2.803561542093007,1.2394380824376907,2.3795135834125087]],"Kelas ke 8":[[21.22936983674061,-1.694091651775217,-5.781525130258386,2.348187921659834,2.7360307708733287,-1.573831222427794,-1.415329816077909,1.0054663358109015,0.5553007724488548,0.6688257105968906,-2.448512261243564,1.068399210599382,2.077620797541454]],"Kelas ke 9":[[21.340459808419553,-1.6531166934234205,-5.809097371902452,2.349176655804236,2.7558974369503555,-1.5808085346790968,-1.4238586553292143,1.0115671652562095,0.5536281683579702,0.6732371767336093,-2.462632116602961,1.0745264999346509,2.09678261320596]],"Kelas ke 10":[[23.934750374886207,-1.941754054629275,-6.558706025766016,2.694142174013246,3.1180348182109756,-1.8121872282619442,-1.6116367560575495,1.1463305144473646,0.6537865442846198,0.7369099944423417,-2.811714151643403,1.2449776971814763,2.39496387753332]],"Kelas ke 11":[[23.905007977766196,-1.9602125766442469,-6.564205210441598,2.700528203569625,3.1143956796294954,-1.809852367234822,-1.606547697682138,1.1388889604914227,0.6563490126706086,0.7331892160355759,-2.803592944595849,1.2407035122312153,2.392428682302354]],"Kelas ke 12":[[21.59288299494273,-1.7166756817239406,-5.938110053695042,2.4153008557528026,2.8175949324029124,-1.6250288451761912,-1.457383920081865,1.0377822541598614,0.5768661826537828,0.6773363574409275,-2.5286897987313024,1.1136768989975923,2.148842208826336]],"Kelas ke 13":[[25.373395831226787,-1.9845595770387578,-7.008043121007638,2.851653346721296,3.3400009475856285,-1.950065554628026,-1.710000868544623,1.2317029256866021,0.6852731885597699,0.8034636656989801,-3.0158732393204915,1.3348511052800602,2.552161169812225]],"Kelas ke 14":[[24.943685941362343,-1.9448715034641844,-6.86034790780353,2.777986465831535,3.2635774653682326,-1.8859194637704433,-1.6791364283729389,1.1927005712555527,0.6785735144898017,0.7858941269456005,-2.9419962041939605,1.2954995945740837,2.495549310251574]],"Kelas ke 15":[[25.91818449615617,-2.0994623181835492,-7.159702188815514,2.9327280764378547,3.401123078814867,-1.983450640386151,-1.7531140144913058,1.254920544862991,0.7105334991808432,0.8113602748219847,-3.0738658061685378,1.3579291594087415,2.611874315689112]],"Kelas ke 16":[[24.29032764361881,-1.9416884324930161,-6.652137687461339,2.7223243707224385,3.1497973346195707,-1.8326429368121004,-1.6206130890762356,1.1606590117304683,0.6431384439359379,0.7671199797566932,-2.844819001218649,1.2500213843136332,2.4154964197556694]],"Kelas ke 17":[[25.55384004072568,-2.050924239900492,-7.021198142512772,2.862969042920635,3.3416757563613264,-1.9376601628353185,-1.7250144437801165,1.2293147329976644,0.6975623053915186,0.7978243082867789,-3.016351079493598,1.3328816585814847,2.5610850599289376]],"Kelas ke 18":[[24.25358523591709,-1.957540389685421,-6.665297497568913,2.7325821962666432,3.16745944592523,-1.840146729570711,-1.6345598780974606,1.1677497212270267,0.6478776801183701,0.761080445180761,-2.8455022900255624,1.2526923021103398,2.4205265955986337]],"Kelas ke 19":[[21.112851345336146,-1.6873163817149437,-5.782118383763728,2.346580864152349,2.7468985792863436,-1.5760264397995742,-1.4149010348366997,1.006501776864392,0.5437273677655369,0.6707696047421754,-2.4462680454530465,1.072711696950971,2.0783662653915584]],"Kelas ke 20":[[27.14280664692344,-2.218195172569014,-7.556366438100042,3.081799385460119,3.5839970946863042,-2.0978154879952147,-1.8346294651940498,1.3329623580915455,0.732502532573224,0.8577167270446177,-3.2314651175409765,1.4347778983761201,2.7355467389604953]],"Kelas ke 21":[[24.17495532246689,-1.919826045132663,-6.598249602092137,2.704051296052,3.1292777928141913,-1.8122701504009786,-1.6176568266374014,1.153150329959865,0.6319079706176338,0.766266833663314,-2.8239555522682602,1.2414388847260935,2.395604055067592]],"Kelas ke 22":[[23.50094474576038,-1.8605399449404747,-6.441739480811893,2.638138844260208,3.0457777553932073,-1.7695677921683262,-1.5691773770125403,1.1265096807355621,0.6097212196517205,0.7435840011342357,-2.7381242640296644,1.2030768266987169,2.325601259126716]],"Kelas ke 23":[[25.143333532320916,-2.073423884403509,-6.9258542321343635,2.8437737917174406,3.293699185261952,-1.9253690028621955,-1.6962434762719356,1.2240530904771374,0.67784364475115,0.7809169334844809,-2.9606626701146763,1.3099987430365942,2.5186286727883522]],"Kelas ke 24":[[24.58376625686712,-2.0081123675640415,-6.768124083955968,2.773336173755253,3.2186341631891926,-1.8790362255083544,-1.6536042028736624,1.1879214954244892,0.6637861617462153,0.7694967985255716,-2.897879009642312,1.2821517589185212,2.456499986325659]],"Kelas ke 25":[[25.47560958268937,-2.0630092827212336,-7.002012892388352,2.886755695489554,3.312569205551835,-1.9355155454762845,-1.7120913690490138,1.227436062011379,0.6869027117821112,0.7911667170768716,-2.994233158788349,1.3223530499520775,2.550098423003802]],"Kelas ke 26":[[23.303831204653186,-1.9340380176541083,-6.4203901555491685,2.6301913534878,3.042517810902226,-1.7756096442764684,-1.5611596099372727,1.1259048487238583,0.6255329906837572,0.7207676919849689,-2.7272736535004136,1.204878709598192,2.324569646857205]]}
